Sr No.,District,Service
1,Nadia,Geeta Fuel Point Kalyani 7003192813
2,Nadia,Panthika Hotel Kalyani More NH34 9609119742
3,Nadia,Local Garage Kalyani More 3478867321
4,Nadia,Popular Fuel Pump Kalyani 9734817661
5,Nadia,Maa Tara Hotel Chakdaha NH34 8438739963
6,Nadia,Local Garage Birbhum More NH34 9830084642
7,Nadia,K D Rampogal Jaguli More NH34 9830834804
8,Nadia,Maa Durga Hotel Bhadurgur Dubulia Nadia
9,Nadia,Raj Motors Works Dubulia Nadia
10,Nadia,Maa Manasha Fuel Pump Kalyani More NH34 9732773554
11,Nadia,Tara Maa Hotel Pranab Ghosh Hanskhali Road
12,Nadia,KTN Auto Parts Krishnanagar Nadia
13,Nadia,Debdatta Service Station Birohi More NH34 7908134833
14,Nadia,Kali Maa Hotel Birohi Ghosh Bhadurburi Nadia
15,Nadia,Bengal Tyre Service Birohi Nadia
16,Nadia,Reliance Petrol Pump Birohi Chakdaha NH34 7908193826
17,Nadia,Nichakal Hotel Birohi Bhadurburi Dubulia Nadia
18,Nadia,Rousid Motors Nadia
19,Nadia,Sadananda Singh and Bros Chakdaha More NH34 9600111752
20,Nadia,Ghosh Hotel P Santosh Ghosh Mayapur More Nadia
21,Nadia,National Tyre Service Pvt Ltd NH34
22,Nadia,Nichakal Fuels Indian Oil Ramkrishna Roy 9430457500
23,Nadia,Bholanath Dhaba Mayapur More Nadia
24,Nadia,Salam Tyres MD Prabhatnagar Fulia Nadia
25,Nadia,Parbati Sankar Filling Station Dinabandhu Paul 9434199038
26,Nadia,Golden Dhaba P Megha Ghosh Mayapur More Nadia
27,Nadia,NB Petrol Service Bhatpara Highway Swapan K Bell 9434158693
28,Nadia,Suri Maa Ghosh Hotel Dipankar Ghosh Haringhata Nadia
29,Nadia,Biswas Oil Trading Indian Oil Mirjapur 6297481983
30,Nadia,Hotel Ramnagar P Nirmal Saha Dubulia
31,Nadia,Poraswach Chatterjee Bharat Petroleum 9735817290
32,Nadia,Tara Maa Hotel Shambhu Sarkar Dubulia
33,Nadia,Debnath Fuel Centre Debagram Nadia 9434825642
34,Nadia,Swapna Roy Dhaba Haringhata Nadia
35,Nadia,Kundu Fueling Station Indian Oil Sujit Kundu 9434054219
36,Nadia,Hotel Bishnudev Bairagya
37,Nadia,Jaganath Fuel Station Hundaymore Petrol Pump Debasree Saha 9732600722
38,Nadia,New Apyan Hotel Jugger Bazar Nadia
39,Nadia,SS Sayan Baba Service Station Rajesh Agarwal 9932979526
40,Nadia,Maa Tara North Dhaba Haringhata Nadia
41,Nadia,Maa Sarada Fuel Indian Oil Block C Chandraghata 9434159199
42,Nadia,Highway Dhaba P Anupam Tiwary Panighata Nadia
43,Nadia,Krishna Bhadra Reliance Krishna Bhadra 9434105424
44,Nadia,Grand Restaurant P Anindul Haque Debagram Nadia
45,Nadia,Auto Agro Filling Station IOC Srinath Paul 9434487261
46,Nadia,Mridha Hotel Bethuadahari Nadia
47,Nadia,S Garai Brothers IOCL Anath Bandhu Garai 9832309000
48,Nadia,Sankar Hotel Bethuadahari Nadia
49,Nadia,Basanti Burner Service Monoj Ghosh 9832055363
50,Nadia,Ghosh Mahasay Hessel Bholadangga Nadia
51,Nadia,Kamala Service Station Chittoj Gopal Pal 9433219793
52,Nadia,Hotel Green Valley Gacha Nadia
53,Nadia,Adwaita Auto Service IOC Ashim K Paul 7908641037
54,Nadia,Hotel Honeymoon Mayapur Nadia
55,Nadia,Ghosh Brothers Filling Station Ashok Ghosh 7010056927
56,Nadia,Tara Maa Hotel Bishwajit Dey Nabadvip More
57,Nadia,Paulson Highway Filling Station Bharat Petroleum Gunakar Paul 9933513050
58,Nadia,Pantha Tirtha P Gandhi Kundu Krishnanagar Nadia
59,Nadia,Maa Durga Fuel Station Bhabataru Bhawmick 8170031472
60,Nadia,Hotel Kings & Sabita Sweets 8972555530 Krishnanagar
61,Nadia,Auto Centre Filling Station Bharat Petroleum Ashok Kr Chakraborty 9051348398
62,Nadia,Hotel Tarama 96909192 Fulia Nadia
63,Nadia,Shyamal Fuels IOCL Tutu Roy 9734665810
64,Nadia,Nava Hotel P Swapan 8167777711 Habibpur Nadia
65,Nadia,Satya Filling Station Debnath 7478561119
66,Nadia,Hotel Hawai 810914214 Habibpur
67,Nadia,Sarkar Diesel IOCL Arindam Sarkar 9932743175 Badkulla
68,Nadia,Bihari Dhaba P Ramaswar Malakar NH34
69,Nadia,Geeta Fuel Point Kalyani 7003192813
70,Nadia,Hotel Krishna Kanan Kalyani NH34
71,Nadia,Popular Fuel Pump Kalyani 9734817661
72,Nadia,Sankar Hotel Dipak Kar NH34 Krishnanagar
73,Nadia,K D Rampogal Jaguli More NH34 9830834804
74,Nadia,Ghosh Hotel P Ashok Ghosh Krishnanagar
75,Nadia,Maa Manasha Fuel Pump Kalyani More NH34 9732773554
76,Nadia,Hotel Hawai 810914214 Habibpur
77,Nadia,Debdatta Service Station Birohi More NH34 7908134833
78,Nadia,Bihari Dhaba P Ramaswar Malakar NH34
79,Nadia,Reliance Petrol Pump Birohi Chakdaha NH34 7908193826
80,Nadia,Hotel Krishna Kanan Kalyani NH34
81,Nadia,Sadananda Singh and Bros Chakdaha More NH34 9600111752
82,Nadia,Sankar Hotel Dipak Kar NH34 Krishnanagar
83,Nadia,Ghosh Hotel P Ashok Ghosh Krishnanagar
84,Alipurduar,"R.G. Petrol Pump, Pro. Avik Paul, Nimti Chowpathi, Kalchini, Alipurduar, 9735055998"
85,Alipurduar,"Sangma Dhaba, Jonathan Sangma, Garam basty, Damanpur, Alipurduar, 7679791750"
86,Alipurduar,"Om Sai Service Centre & Car washing, Garam basty, Damanpur, Alipurduar, 8670815393, 9733173211"
87,Alipurduar,"Maa Krishna Service Station, Pro. Subrata Roy, Dakshin Satali, Alipurduar, 9800815464"
88,Alipurduar,"Ratan Sarkar, Garam basty, Damanpur, Alipurduar, 6296951203"
89,Alipurduar,"Barman Eng. Works, Sudhan Barman, Garam basty, Damanpur, Alipurduar, 9733166042"
90,Alipurduar,"Vishand Trading Company, Pro. Anita Gupta, Hasimara, Alipurduar, 9534045279"
91,Alipurduar,"Basak Dhaba, Joshna Dhaba, Garam basty, Damanpur, Alipurduar, 7384976393"
92,Alipurduar,"Azad Tyre, Anwar Hossain, Madarihat, Subhash Nagar, Alipurduar, 7779831952"
93,Alipurduar,"Madarihat Auto Service, Pro. Rakesh Kalyani, Madarihat, Alipurduar, 9733220350"
94,Alipurduar,"Ganapati Dhaba, Naresh Brahma, Garam basty, Damanpur, Alipurduar, 7001600375"
95,Alipurduar,"Rohit Garage, Sushil Roy, Ghoramara, Kumargram, Alipurduar, 7319597118"
96,Alipurduar,"NES Hasimara, Pro. Sudipta Haldar, Madarihat, Alipurduar, 8145791710"
97,Alipurduar,"Rupan Dhar, Garam basty, Damanpur, Alipurduar, 7602249737"
98,Alipurduar,"Dey Auto Mobile, Kishor Dey, Barobisha, Kumargram, Alipurduar, 9832579199"
99,Alipurduar,"Elite Service Station, Pro. Alok Kr. Barman, Khutimari, Alipurduar, 9475331329"
100,Alipurduar,"Kaludaka Dhaba, Ghanabir Siwa, Garam basty, Damanpur, Alipurduar, 6296729469"
101,Alipurduar,"Hind Tyre, Md. Haniul Haque, Nimti Chowpathi, Kalchini, Alipurduar, 9679499479"
102,Alipurduar,"R.G. Traders, Pro. Hrittik Pal, Tatpara, Samuktala, Alipurduar, 7797816612"
103,Alipurduar,"Pradip Hotel, Anabala Sangma, Garam basty, Damanpur, Alipurduar, 8670752848"
104,Alipurduar,"M.S. Goutam Trading Agency, Pro. Bijon Krishna Goutam, Barobisha, Alipurduar, 9434604838"
105,Alipurduar,"Moti Agarwal Dhaba, Nimti Chowpathi, Kalchini, Alipurduar, 7319097967"
106,Alipurduar,"Maa Tara Dhaba, Jiban Ghosh, Nimti Chowpathi, Kalchini, Alipurduar, 9547902239"
107,Alipurduar,"Nimti Dhaba, Sudhir Ch. Dey, Nimti Chowpathi, Kalchini, Alipurduar, 9733360525"
108,Alipurduar,"New Saini Line Hotel, Ajandar Singh, Paschim Satali, Kalchini, Alipurduar, 9832055082"
109,Alipurduar,"Laddu Hotel, Laddu Dutta, Hasimara, Alipurduar, 8637307610"
110,Alipurduar,"Bajrang Dhaba, Sushil Kr Das, Madarihat, Subhash Nagar, Alipurduar, 8670723879"
111,Alipurduar,"Jaldapara Green Inn Hotel & Lodging, Ranjit Saha, Madarihat, Alipurduar, 7430039471"
112,Alipurduar,"Diya Hotel, Sikandar Mirza, Madarihat, Alipurduar, 9547475754"
113,Alipurduar,"Sangma Dhaba, Babinder Mariya, Ethelbari, Alipurduar, 8167677109"
114,Alipurduar,"Shmiti Priya Hotel, Pintu Ghosh, Kathaltala, Samuktala, Alipurduar, 7001627989"
115,Purulia,Shea Saran Lal Lilu B T Sarkar Rd Ph 9434001147
116,Purulia,Samir Line Hotel Ph 9932874994
117,Purulia,SK Karim Ph 8637377377
118,Purulia,S Das & Sons Ranchi Rd Ph 9832146822
119,Purulia,Trioti Line Hotel Ph 9800334773
120,Purulia,Khan Mistri Ph 9932731707
121,Purulia,Sankar Auto Service Manguriya Ph 8159032840
122,Purulia,Rana Hotel Ph 8250673157
123,Purulia,Sahadeb Garage Ph 9932959660
124,Purulia,Ram Bhagat Bhari Prasad Taxi Stand Ph 9332385109
125,Purulia,Pushpa Hotel Ph 9064051759
126,Purulia,Sarbari More Garage Ph 9851421785
127,Purulia,Jain Auto Mobile Taxi Stand Ph 9434013489
128,Purulia,Puja Hotel Ph 9004088043
129,Purulia,Kalu Garage Ph 8001720963
130,Purulia,Sunil Motors Dulmi Nadhya Ph 7001893571
131,Purulia,Kunal Hotel Ph 9676598458
132,Purulia,Maa Santoshi Garage Ph 9775700739
133,Purulia,Feel & Fill Petro Pvt Ltd Ludhurdha Ph 9434001147
134,Purulia,Abhoy Hotel Ph 8972672896
135,Purulia,Kismat Garage Ph 8972029766
136,Purulia,Ram Krishna Service Station Hura Ph 7076505556
137,Purulia,Charra Line Hotel Ph 9564901169
138,Purulia,Garage near Santi Tripti Hotel Ph 9635287703
139,Purulia,Lmundi Pandey Hotel Ph 9800968450
140,Purulia,Ghonga Pandey Hotel Ph 9933520545
141,Purulia,Santi Tripti Hotel Ph 9644919131
142,Purulia,Gope Hotel Ph 8697092913
143,Purulia,Ghoshal Auto Filling Block Danga Purulia Barakar Road Ph 7872581522
144,Purulia,Laha Hotel Purulia Barakar Road Contact 8116077219
145,Purulia,Dislab Repairing Centre Anara Ph 9732388254
146,Purulia,Mandal Auto Filling Raghunathpur Barakar Road 9434023701
147,Purulia,Taj Hotel Purulia Barakar Road Contact 7908304429
148,Purulia,Mahfuz Repairing Centre Purulia Barakar Road Contact 6296765276
149,Purulia,Everfine Auto Filling Sarbari More Neturia 8016707077
150,Purulia,Ranjit Hotel & Dhabas Sarbari More Neturia Contact 9800272633
151,Purulia,Mondal Mechanic Shop Raghunathpur Contact 9732252155
152,Purulia,Sarkel Petrol Pump Pahariagora Para 9547759891
153,Purulia,Annapurna Hindu Hotel Jhapa More Contact 9800472048
154,Purulia,Parbes Repairing Center Purulia Barakar Rd Contact 9046167487
155,Purulia,Narayan H P Petrol Pump Anara 9932319044
156,Purulia,Banka Hindu Hotel Dubra Para
157,Purulia,Ansari Machine Centre Dubra Para Contact 9082993338
158,Purulia,Pahariagora Petrol Pump Pahariagora Para 9547759891
159,Purulia,Suraj Hotel Neturia Contact 9933483476
160,Purulia,Firoj Repairing Centre Raghunathpur Barakar Contact 9947450866
161,Purulia,Kalim Garage Raghunathpur Purulia Rd Contact 9635895326
162,Purulia,SN Auto Anirban Gupta Purulia Barakar Rd Contact 8140503006
163,Purulia,Khan Garage Purulia Barakar Rd Contact 9932731707
164,Hooghly,"Renu Service Station at Basipur, Gurap, Hooghly, Mob-9143040928"
165,Hooghly,"Shiv Shankar Dhaba, Khaldhar, Gurap, Mob-7063301291"
166,Hooghly,"Tarak Nath Motor Garage at Sugandhya, Hooghly, Owner-Sri Biswajit Khan-7003756653"
167,Hooghly,"Rajhat Filling Station, Goyea Dadpur, Hooghly near Maheswarpur More, Owner-Pankaj Pandey-7699935184"
168,Hooghly,"Gitanjali Hotel, Gurap, Bhastara, NH2, Mob-9474123006"
169,Hooghly,"Lohapatti Garage, under Singur PS, near Ratanpur flyover"
170,Hooghly,"Jay Jagannath Petrol Pump, Baidyabati, Owner-Paritosh Ghosh-9831087503"
171,Hooghly,"Koilash Hotel, On 26 no route on NH-2, Mob-9932605526"
172,Hooghly,"Biswakarma Motor Garage, Sugandhya opposite Jaya Biscuit Company, Owner-Bhagaban Shaw-9131195964"
173,Hooghly,"Rabi Baisali Hotel, Mob-7044159026"
174,Hooghly,Garage beside Rabi Baisali Hotel on NH2 under Chanditala PS
175,Hooghly,"Hotel Bajrangbali, opposite Nabanna under Singur"
176,Hooghly,Hotel Hindustan under Gurap PS
177,Hooghly,"Shibam Dhaba, Baidyabati, Mob-9123626172"
178,Hooghly,"HP Luxmi Petrol Pump 522, Grand Trunk Rd, Mahesh Bose Para, Ph-03326623547"
179,Hooghly,"Laltu Dhaba, Durgapur Expy, Monoharpur, Dankuni, Mob-9903611771"
180,Hooghly,"Bhandari Automobiles Pvt Ltd, Serampore, Old Delhi Road, Bangihati More, Ph-03366137591"
181,Hooghly,"Indian Oil Petrol Pump Serampore, SH-2 Sreerampore, West Bengal 712203"
182,Hooghly,"Punjabi Brother's Dhaba, Delhi Road, Belanagar, Dankuni, Ph-9088844412"
183,Hooghly,"Bapuli & Pupuli Mazumdar, 176 GT Road, Sheoraphuli, Hooghly, Ph-9152688209"
184,Hooghly,"Indian Oil Petrol Pump Grand Trunk Rd, Barabagan, Serampore"
185,Hooghly,"Malwa Hotel, Durgapur Expy, Dankuni, Ph-8100005320"
186,Hooghly,"Gautam Maruti Service Station, Hindmotor, Bhadrakali, Hooghly, Ph-9152950020"
187,Hooghly,"Bharat Petroleum Petrol Pump - B Dey (I) Pvt Ltd, Grand Trunk Rd Serampore"
188,Hooghly,"Ludhiana Dhaba, NH2 Old Delhi Road, Dankuni, Ph-9163355787"
189,Hooghly,"Rajib Car Service, Musalman Para Lane Serampore, Ph-9477090238"
190,Hooghly,"Bharat Petroleum Petrol Pump - Mukherjee S/S, 224/A Grand Trunk Rd"
191,Hooghly,"Sai Baba Hotel, Jagannathpur NH2 Dankuni, Ph-9051899852"
192,Hooghly,"Raychowdhury Enterprise, RBC St Serampore, Ph-9836610039"
193,Hooghly,"Banik Filling Station, NH2 Bypass Rajyadharpur Serampore, Ph-9830442456"
194,Hooghly,"NH2 Food Junction, TN Mukherjee Road Dankuni, Ph-9437140779"
195,Hooghly,"Maruti Suzuki Service Center Serampore, Dakshin Rajyadharpur, Ph-8479881992"
196,Hooghly,"HP Petrol Pump, Ph-9830086064"
197,Hooghly,"Samrat Hotel & Restaurant, NS Avenue Serampore, Ph-03326620896"
198,Hooghly,"Prakash Motor Works, Castrol Car Care Old GT Road Konnagar, Ph-9836772311"
199,Hooghly,"Castrol Point Petrol Pump, 532A Grand Trunk Rd, Ph-03326524567"
200,Hooghly,"Ashirbad Hotel Bangihati Village Rishra, Ph-8013545612"
201,Hooghly,"Ghosh Enterprise, Dr Chatterjee Lane Serampore, Ph-9830121732"
202,Hooghly,Bharat Petroleum Petrol Pump Mishra Bros Sheoraphuli GT Road
203,Hooghly,"Aman Dhaba Mullick Para Serampore, Ph-7576823239"
204,Hooghly,"Joy Tara Auto Repair South Rajyadhar Cur West Serampore, Ph-9331021076"
205,Hooghly,"Dankuni Super Service Station Petrol Pump State Highway 13 Dankuni, Ph-9831194582"
206,Hooghly,"Amaldar Hotel GT Road Belting Bazar Serampore, Ph-9051200916"
207,Hooghly,"Ghosh Automobile Sheoraphuli GT Road, Ph-9874726363"
208,Hooghly,"HP Petrol Pump Durgapur Express Road Dankuni, Ph-8017702622"
209,Hooghly,"Dada Bhai Hotel GT Road Sheoraphuli Baidyabati, Ph-8420314936"
210,Hooghly,"Das Garage Sheoraphuli GT Road, Ph-9088250132"
211,Hooghly,HP Petrol Pump Dakha Service Station PO Dankuni
212,Hooghly,"Nabanna Hotel & Restaurant NS Avenue Serampore, Ph-8240100019"
213,Hooghly,"TATA Motors Commercial Vehicles Workshop Baidyabati NH2 Delhi Road, Ph-9836496961"
214,Hooghly,"Chaurasia Service Station Old NH2 Delhi Road Dankuni, Ph-9434061472"
215,Hooghly,"Hotel Golden Inn Dankuni Coal Complex near Toll Plaza, Ph-7044680948"
216,Hooghly,"SK Automobiles Delhi Road Hooghly, Ph-9903095805"
217,Hooghly,Dhaka Service Centre Dankuni Maitypara Ph-03326595388
218,Hooghly,Chandni Hotel Dankuni Maitypara Ph-7547961392
219,Hooghly,Seraj Ahamed Dankuni Maitypara Ph-807670659
220,Hooghly,Kalipada Service Centre Dankuni Joykrishnapur Ph-9433056575
221,Hooghly,Bimal Mondal Hotel Dankuni Maitypara Ph-8335918775
222,Hooghly,Prafulla Service Centre Teliamore Ph-9836781466
223,Hooghly,Baishali Hotel Dankuni Joykrishnapur Ph-7046159026
224,Hooghly,Your Choice Ajabnagar Ph-9433093974
225,Hooghly,Shree Guru Hindu Hotel Dankuni Joykrishnapur Ph-9831163275
226,Hooghly,Maa Annapurna Parul Arambagh Hooghly Ph-9083555850
227,Hooghly,Sri Hari Hotel Mayapur Hooghly Ph-8348100354
228,Hooghly,Tyre Repair Shop Juman Ansari Arambagh Hooghly Ph-9641038399
229,Hooghly,Samanta Brothers Arambagh Hooghly Ph-9933403092
230,Hooghly,Rajput Dhaba Goghat Beli Ph-9735493279
231,Hooghly,Motor Mechanic Electrical Koushik Parui Arambagh Hooghly Ph-9734203189
232,Hooghly,BP Pump Goghat Beli Ph-6289010937
233,Hooghly,Janapriya Hindu Hotel Kamarpukur Ph-9732583696
234,Hooghly,Motor Mechanic Mechanical Tapan Jana Arambagh Hooghly Ph-9932250561
235,Hooghly,Indian Oil Pump Chandipur Bengai Ph-9474501151
236,Hooghly,Kamarpukur Dhaba Kamarpukur Ph-8145585058
237,Hooghly,Motor Mechanic Mechanical Anuo Karamakar Arambagh Hooghly Ph-9933648202
238,Hooghly,BP Pump Chandipur Bengai Ph-9932879407
239,Hooghly,Raina Hindu Hotel Adambera Ph-8670504839
240,Hooghly,TATA Motors Kalipur Arambagh Auto Ph-9434563628
241,Hooghly,HP Pump Khatul Ph-8902797236
242,Hooghly,Chandni Hindu Hotel Bokultola Goghat Ph-9733053960
243,Hooghly,Tarama Engg Works Kamarpukur Ph-9733625644
244,Hooghly,BP Pump Kamarpukur Ph-9732526117
245,Hooghly,Titu Motor Garage Kantai Ph-9735258842
246,Hooghly,HP Pump Kantai Ph-9933442081
247,Hooghly,M&M Tractor Rudra Automobile Balibela Ph-9732111166
248,Hooghly,Indian Oil Kantai Ph-9732296146
249,Hooghly,BP Pump Ullaspur Ph-9064467063
250,Malda,"Reliance Petro Marketing Pvt Ltd, Pandua"
251,Malda,"Pardesi Dhaba, Narayanpur, 8617033606"
252,Malda,"Mantu Automobile, Krishnakalita, 8145669744"
253,Malda,"M/S Bengal Oil Company, Narayanpur"
254,Malda,"Teesta Dhaba, Rangabhita, 9932672145"
255,Malda,"Md Anowar Garage, 9474081264"
256,Malda,M/S Utpal Roy Choudhury Gour Bangla
257,Malda,"Lakshmi Hotel, Lakshmipur, 9851545834"
258,Malda,"Arfan Garage, Kaliachak, 9733385639"
259,Malda,"Paul Brothers, Rathbari, NH34"
260,Malda,"Pathasathi, Narayanpur, Old Malda, 8918729094"
261,Malda,"Monalisa Automobile, Gazole, 9732676201"
262,Malda,"Kaliachak Petro Mart, Sultanganj"
263,Malda,"Master Dhaba, Pandua, 9547380101"
264,Malda,"M/S Babu, Narayanpur, 9933640699"
265,Malda,"Jhabarmal Mussadi, Mangalbari"
266,Malda,"M.S Hemraj Ramgopal, Rangavita"
267,Malda,"COCO Swagat Indian Oil, Kaluadighi, Narayanpur"
268,Malda,"M/S Gour Fuel Services Station, Gour Bangla"
269,Malda,"M.S Jysona Kisan Seva Kendra, Gopalganj"
270,Malda,"M.S Azam Kishan Seva Kendra, Jalapur, Chanchol"
271,Malda,"M.S Seth Brothers, Adina, Shibari Nagar"
272,Malda,"M.S SK Paul, Uttar Jadupur"
273,Howrah,Sen Service Station 9007968248
274,Howrah,Grewal Dhaba Foreshore Road
275,Howrah,Howrah Orient Motor Kalipara
276,Howrah,Seem Service Station 9830042235
277,Howrah,Punjabi Dhaba Andul Road (Gesk Gate)
278,Howrah,Shalimar Motor Parts Podra on Andul Road
279,Howrah,Sankar Service Station 9831499780
280,Howrah,Krishna Hotel Churanhati Andul Road
281,Howrah,Raj Motor Foreshore Road
282,Howrah,Madan Service Station 9836686000
283,Howrah,Ludhiana Dhaba Ankurhati
284,Howrah,Salma Motor Betaitala Phari
285,Howrah,Howrah Motor & Electric Co 9831148153
286,Howrah,Hindusthan Hotel Alampur
287,Howrah,Ganpati Motor 24 Banebari Bose Road
288,Howrah,Makin Brothers
289,Howrah,Chidangar Dhaba Kona
290,Howrah,Lala Motor Das Nagar Shampur
291,Howrah,Kanak Service Station 9830194808
292,Howrah,Maa Kali Hotel Kona
293,Howrah,Rakesh Motor Near Nabanna Bus Stand
294,Howrah,Shroff Brothers 9231551093
295,Howrah,Bora Dhaba Alampur
296,Howrah,Modi Tyre Betaitala Phari
297,Howrah,Pratap Service Station 9839710771
298,Howrah,Hotel Balaram Alampur
299,Howrah,Rahamat Repairing Center Betaitala Phari
300,Howrah,Grewal Service Station 9830027222
301,Howrah,Moonlight Alampur
302,Howrah,RK Motor Parts Alampur
303,Howrah,Sakti Service Station 9830252780
304,Howrah,Standard Auto Service 9831148153
305,Howrah,Viluar Service Station 9831431090
306,Howrah,Beoli Service Station 9830052015
307,Howrah,Mishra Service Station
308,Howrah,Mathuria Service Station 9831627765
309,Howrah,Akash Moni Service Station 9830028954
310,Howrah,Karunamoyee Service Station
311,Howrah,Sombhunath Service Station 9477656184
312,Howrah,Haripada Service Station 9433083476
313,Howrah,Harisadan Service Station 9830078437
314,Howrah,Anil Service Station 9830078437
315,Howrah,Aparna Energy Station 9836213821
316,Howrah,Bakultola Motor Stores 9831148153
317,Howrah,Panchpara Service Station 9830176605
318,Howrah,Arun Service Station 9830078437
319,Howrah,Debi Service Station 9836479277
320,Howrah,Lakshmi Service Station
321,Howrah,Manada Service Station
322,Howrah,Manu Filling Centre 7278361691
323,Howrah,K C Dey & Brothers 9433167126
324,Murshidabad,May Filling Station Khargram 9432139097
325,Murshidabad,Purba Dhalpara Dhaba 6295599095
326,Murshidabad,New Star Service Centre 7001580023
327,Murshidabad,MD Ghosh Filling Station Farakka 9434124831
328,Murshidabad,Hotel Bahadur Safdar 9434320717
329,Murshidabad,Shree Automobile Pvt Ltd NH34 Sargachi
330,Murshidabad,Aruna Filling Station Beldanga 9475056866
331,Murshidabad,Hotel Rang Sagar 9332330630
332,Murshidabad,SM Motors Sargachi
333,Murshidabad,IOC Pump Sargachi 9474570055
334,Murshidabad,Hotel Nizam 9772779155
335,Murshidabad,Vinayak Automobile Behrampore
336,Murshidabad,BP Petrol Pump Murshidabad 8010812930
337,Murshidabad,Babul Hotel Farakka 9738014510
338,Murshidabad,Ashok Leyland Workshop Motors Works
339,Murshidabad,Indian Oil Station Farakka 9434781557
340,Murshidabad,Puraj Mandi Sargachi 8967140960
341,Murshidabad,SK Motors Lalgola
342,Murshidabad,Shakti Service Station Murshidabad 9434000901
343,Murshidabad,Murshidabad Dhaba Samserganj
344,Murshidabad,Arjun Kumar Filling Station Hosnabad 9434151666
345,Murshidabad,Milan Dhaba Raninagar 9932156306
346,Murshidabad,Serampore Fuel Service Farakka 7519696788
347,Murshidabad,BCD Dhaba Morgram
348,Murshidabad,Ali Shah Filling Station Farakka 9434158686
349,Murshidabad,Hotel Ajoyn Farakka 8016800144
350,Murshidabad,MS Anil Filling Station Farakka 8617643611
351,Murshidabad,Maa Laxmi Filling Station Sagar 9931209635
352,Murshidabad,Choudhury Brothers Ghorala NH34 9830223648
353,Murshidabad,Nandalal Sarkar Chaksapur 9832135612
354,Murshidabad,MJ Murshidabad Sewa Reliance Pump 9547479777
355,Murshidabad,BP Morgram Petrol Pump 8011813290
356,Murshidabad,Faria Filling Station Farakka 8611564005
357,Murshidabad,Handpur Fuel Pump Samsherganj 9773556789
358,Murshidabad,Annapurna Fuel Station Azimganj 7874211206
359,Murshidabad,Gouranga Fuel House Raghunathganj 9832112455
360,Murshidabad,Taramore Filling Centre Raghunathganj 9637095065
361,Murshidabad,Chowringhee Filling Station Jiaganj 9434514166
362,Murshidabad,Gouri Sankar Filling Station Domkal 9434186010
363,Murshidabad,Sutirtha Filling Station Suti 8926139785
364,Murshidabad,Platinum Fuel Pump Farakka 7731995885
365,Murshidabad,Ashutosh Service Station Jalangi 9635143885
366,Murshidabad,Aganmala Service Station Murshidabad 9931874044
367,Murshidabad,Brothers Farakka Filling Station 9475251754
368,Murshidabad,Satish Laxmi Filling Station Lalbagh 7001720355
369,Murshidabad,Utpalika Filling Station Jiaganj 9600917259
370,Murshidabad,D B S Filling Station Jangipur 9434025925
371,Murshidabad,Kedia Filling Station Lalgola 9434082164
372,Murshidabad,Mayureshwar Service Station Lalgola
373,Murshidabad,Nandalal Shankarlal Chakhaspur Dhuliyan 9475352005
374,Murshidabad,Saraju Filling Station Kandi 9434037218
375,Murshidabad,Bhandary Brothers Jangipur 9434003521
376,Murshidabad,Das Highway Service Jalangi 9733986128
377,Murshidabad,MS Mira Biri Filling Station Jangipur 8617643611
378,Murshidabad,Mahabani Filling Station Sagardighi 9432093509
379,Murshidabad,S Jalaluddin Biswas Reliance Pump Akura Samserganj
380,Murshidabad,Suresh Service Station Dhapnagar Morgram 9434173856
381,Murshidabad,Chatterjee Highway Filling Station Baduria Para 9732825560
382,Murshidabad,Maa Usha Filling Station Raghunathganj 9434745952
383,Murshidabad,Nayantara Service Station Gorabari Nabagram 9434001974
384,Murshidabad,Niranjan Highway Service Nabagram 9434223366
385,Murshidabad,Gousia Motor Co Farakka 9635713255
386,Murshidabad,Dhananjoy Lair Domkal 9434024811
387,Murshidabad,Kajal Service Station Saktinagar 9732637807
388,Murshidabad,Gita Service Station Kandi 9474229735
389,Murshidabad,Sagaridighi Auto Fuel Sagardighi 9475678942
390,Murshidabad,Sabekisan Saba Center Sherpur 9434585937
391,Murshidabad,Sahana Fuels Kandua Farakka 9932982007
392,Murshidabad,MS Kishan Filling Station Bhaburpur 9434877419
393,Murshidabad,Kalyani Filling Station Agradwip 9432386668
394,Murshidabad,Hawa Filling Station Ghazi 9732345485
395,Murshidabad,NBC Petrol Pump Jalangi 8926366629
396,Murshidabad,Afiya Filling Station Azimganj 9732524136
397,Dakshin Dinajpur,"Hemraj Ramgopal, Hili More, Balurghat, 9434055359"
398,Dakshin Dinajpur,"Patha Sathi, Patiram Thinkona More, Balurghat"
399,Dakshin Dinajpur,"PK Automobiles, Khanpur, 9733341570"
400,Dakshin Dinajpur,"Reliance Pump, Bagicha Para, 8670465916"
401,Dakshin Dinajpur,"Nirmala Hotel, Trimohini, Hili, 8609937549"
402,Dakshin Dinajpur,"Kundu Engineering Works, Hossenpur, Balurghat, 9851786284"
403,Dakshin Dinajpur,"Dakshin Dinajpur Fuels, Patiram, Balurghat, 9647561502"
404,Dakshin Dinajpur,"Deep Hotel, Baul, Bolla, 9933481097"
405,Dakshin Dinajpur,"Kar Automobiles, Raghunathpur, 89063134143"
406,Dakshin Dinajpur,"Laxmi Engineering Works, Hossenpur, 9735012385"
407,Birbhum,Sani Service Station Plot No 5/5 1419 18 & 21 Lno Mouza Tilpara PS Suri Mob 9434006220
408,Birbhum,Chhittu Restaurant Opposite Sani Service Station Tilpara Birbhum
409,Birbhum,Sagnik Highway Service Murormath PO Panuria PS Suri Dist Birbhum West Bengal Mob 8159844300
410,Birbhum,Jas Filling Station NH60 Suri Bye Pass Abadurpur Suri Dist Birbhum WB RTKM 148 Lock No11008 Mob 9434029239
411,Birbhum,Durga Devi Filling Station Kachubure PO Mohona Dist Birbhum West Bengal RTKM132 Lock No21006 Mob 8927153210
412,Birbhum,Reliance Petroleum Khairakuri Md Bazar Birbhum 731227 Mob 9472656129
413,Birbhum,Tibrewala Service Station Netaji Subhas Road Suri Birbhum 731101 Mob 9434019150
414,Birbhum,Maa Kamala Filling Station Power House Suri Road Dubrajpur Birbhum 731123 Mob 9474611037
415,Birbhum,Mayurakshi Filling Station Satkenduri Hetampur Rajbati Birbhum 731123 Mob 03462 206774
416,Birbhum,Jay Ram Filling Station Suri Bye Pass NH60 Suri Birbhum
417,Birbhum,IOC Petrol Pump After Deucha Bridge Towards Rampurhat NH60 Md Bazar Birbhum
418,Birbhum,BPC Petrol Pump Md Bazar Sainthia Road Birbhum
419,Birbhum,IOC Petrol Pump Sainthia Kotaspur Main Road Kotaspur Birbhum
420,Birbhum,Ahmedpur Petrol Pump Near Ahmedpur BDO Office Birbhum
421,Birbhum,HP Petrol Pump Dubrajpur Panchra Road Birbhum
422,Birbhum,Joy Durga Filling Station Opp Bolpur Municipal Bus Stand Bolpur Birbhum 731204 Mob 9736006380
423,Birbhum,Bholanath Filling Station Suri Futishanko PO Daskalgram District Birbhum 731127 Mob 9434434345
424,Birbhum,Joydeb Padmavati Service Station Joydeb More Dubrajpur Road Birbhum 731124 Mob 9732102611
425,Birbhum,Fullara Filling Station Labpur Birbhum 731303
426,Birbhum,Saha Filling Station Illambazar Birbhum 731214 Mob 9932620781
427,Birbhum,Radhesyam Mandal Dhabas Illambazar Near Toll Tax 9474404988
428,Birbhum,Calcutta Motors Illambazar Near Toll Tax 8642066927
429,Birbhum,Reliance Filling Station Rampurhat Munsuba
430,Birbhum,Sree Dhaba Mallarpur
431,Birbhum,Bonhati Service Center Rampurhat
432,Birbhum,Maruti Automobiles Nalhati Birbhum 9434740825 9474301314
433,Birbhum,Milan Paribahan Hotel 9153588986
434,Birbhum,Tata Service Centre Rampurhat
435,Birbhum,Indian Oil Petrol Pump IC Building Infront of Kishan Mandi Nalhati
436,Birbhum,Raja Paribahan Hotel NH60 Rampurhat
437,Birbhum,Samir Auto Works Sanghatamore
438,Birbhum,Gouri Auto Centre Gopalpur Nalhati Birbhum 9434028107 8764868910
439,Birbhum,Atithi Restaurant Rampurhat 9153663629
440,Birbhum,Hira Auto Works Batial Rampurhat
441,Birbhum,Indian Oil Filling Station Lohapur Nalhati
442,Birbhum,Madhu Mamata Hotel Tarapith
443,Birbhum,Mahindra Service Center Chakpara
444,Birbhum,Indian Oil Filling Station Moholla Rail Gate
445,Birbhum,Laltu Hotel Munsuba Rampurhat
446,Birbhum,Baromesya Service Center Surichua Border
447,Birbhum,Tarafit Filling Station Tarapith Birbhum 9748730903
448,Birbhum,Hindu Hotel Nalhati
449,Birbhum,COCO Rampurhat Indian Oil Corporation Ltd Vill Po Barshal Rampurhat Birbhum
450,Birbhum,Janata Hotel Murarai
451,Purba Medinipur,Shree Krishna Filling Station NH116B Thakurnagar 9730957081
452,Purba Medinipur,Punaji Dhaba Babalichak 8967792958
453,Purba Medinipur,Biswakarma Auto Care Balisai Tamralip Cont 9002768000
454,Purba Medinipur,Kalinga Auto Service Station NH116B Kolaghat 9434008113
455,Purba Medinipur,Hotel Highway Kasupara NH41 9933808864
456,Purba Medinipur,Mahindra Star India Agencies Haldiya Purba Medinipur 9731253008
457,Purba Medinipur,Hera Fuel NH116B Durgapur 9472006735
458,Purba Medinipur,Jony Hotel Near Nandakumar 8583961409
459,Purba Medinipur,Prerna Motors Mahalia Tamralip Cont 9436563222
460,Purba Medinipur,Bhagwati Machine SKUS Fuel Pump NH116B Contai Bypass 9327629657
461,Purba Medinipur,Sundry Restaurant Kasupara NH41 9732193097
462,Purba Medinipur,Amanat Auto Care NH6 Radharam Purba Medinipur 9002368907
463,Purba Medinipur,Contai Fuel NH116B Contai Bypass 9731505944
464,Purba Medinipur,Hotel Sunday Kasupara NH41 9738097765
465,Purba Medinipur,Satyam Auto Electric Barahaiya Kolaghat Purba Medinipur
466,Purba Medinipur,Contai Oil Station NH116B Contai Central Bus Stand 9932741736
467,Purba Medinipur,Royal Dhaba Babalichak 9732506572
468,Purba Medinipur,Ramananda Body Garage Mahalia Purba Medinipur
469,Purba Medinipur,MS Debu Petrol Pump NH116B Contai 9432139785
470,Purba Medinipur,Shree Radha Hotel Near Nandakumar Contai 9153357990
471,Purba Medinipur,Manna Garage Kolaghat NH41 Purba Medinipur
472,Purba Medinipur,Prince Fuel Centre Digha Orissa Border 9733458000
473,Purba Medinipur,Express Food Plaza NH41 Kolaghat Purba Medinipur 7407744462
474,Purba Medinipur,Munir Rahaman Garage NH41 Ramnagar Tamralip Purba Medinipur 9002713455
475,Purba Medinipur,Civic House Nandakumar Contai 9434516500
476,Purba Medinipur,Driver Inn Restaurant NH41 Kolaghat Purba Medinipur 8370951071
477,Purba Medinipur,Maa Annapurna Automobile NH116B Nandakumar 9734386454
478,Purba Medinipur,Shri Bishnu Hotel & Restaurant NH41 Panisra Purba Medinipur
479,Purba Medinipur,New Tituman Hotel Contai Rupnarayan Bypass 8001754033
480,Purba Medinipur,Satyamayan Restaurant Panisra Purba Medinipur
481,Purba Medinipur,Sandhya Resort Contai Rupnarayan Bypass NH41
482,Purba Medinipur,SN Hotel Panisra Purba Medinipur 9931508609
483,Purba Medinipur,Manu Hotel Padmapukur Contai
484,Purba Medinipur,Sandipa Hotel NH41 Kolaghat Purba Medinipur 9802833511
485,Purba Medinipur,KEPS Restaurant Central Bus Stand Contai
486,Purba Medinipur,DPUR Hotel NH41 Tamralip Purba Medinipur 9733603642
487,Purba Medinipur,Nikita Restaurant Central Bus Stand Contai
488,Purba Medinipur,Sathi Hotel NH41 Purba Medinipur Contai 7047272777
489,Purba Medinipur,Haldia Traders Company NH41 Haldia Dock Purba Medinipur 9862477131
490,Purba Medinipur,Shree Bengal Restaurant NH41 Kolaghat Purba Medinipur 9002196937
491,Purba Medinipur,Indian Oil Petrol Pump Ramnagar Nandakumar Purba Medinipur 9434369085
492,Purba Medinipur,Star India NH41 Ramnagar Purba Medinipur 9153503099
493,Purba Medinipur,Maa Basantamma Filling Station Haldia Dock Purba Medinipur
494,Purba Medinipur,Hotel Royal Landmark NH41 Kolaghat Purba Medinipur 9987930426
495,Purba Medinipur,Satyamayan Service Station Kolaghat Purba Medinipur 0322825681
496,Purba Medinipur,Gitanjali Filling Station Nandakumar Dock Kolaghat Purba Medinipur 9474759297
497,Purba Medinipur,Bhowmik Krishi Seva Kendra Dhankhal Panchkura Tamralip Purba Medinipur 9083505858
498,Purba Medinipur,Tara Maa Fuel Station Mahisadal Haldia Road Purba Medinipur 9434386184
499,Purba Medinipur,Bharat Petroleum Petrol Pump Naupala Mecheda Tamralip Purba Medinipur 8672174121
500,Purba Medinipur,Emergency Fuel Station Ayapara Mecheda Purba Medinipur 8672134214
501,Purba Medinipur,Nandakumar IOC Petrol Pump Mahisadal Mecheda Purba Medinipur 9732427610
502,Purba Medinipur,Indian Oil Petrol Pump Near Mahisadal Tamralip Mecheda Purba Medinipur 7002157043
503,Purba Medinipur,Potara Filling Point Jagannathpur Mahisadal Purba Medinipur
504,Jhargram,"Guin Brothers, Lodhasuli, Jhargram, 721513, 8001200461"
505,Jhargram,"Dhaba (Shibu Mondal), Binpur, 9547698947"
506,Jhargram,"Nabo Garage, Old Jhargram, Opposite Ramkrishna Sarada Vidyapith, 721507, 9932378245"
507,Jhargram,"Golden Choice, NH-6, Barkala, Jugdiha, Jhargram, 9903403015"
508,Jhargram,"Golden Dhaba, Jamboni, 9002406500"
509,Jhargram,"Tinku Garage, Raghunathpur, Jhargram, 721507, 9932364211"
510,Jhargram,"Saren Petro Care Centre, Jamda, Jhargram, 721507, (03221)259880"
511,Jhargram,"751 No. Hotel, Jamboni, 9635541715"
512,Jhargram,"Sau Garage, Raghunathpur, Jhargram, 721507, 8972655657"
513,Jhargram,"Chandan Filling Station, Gojasimul, Jhargram, 721513, (03221)262220"
514,Jhargram,"Mama Hotel, Gojasimul, 9083577511"
515,Jhargram,"G. S. Automobiles, Central Bus Stand, Jhargram, 721507, 9932826382"
516,Jhargram,"HP Petrol Pump – Lodhasuli Point, Lodhasuli, Jhargram, 721513, 9434320036"
517,Jhargram,"Sriman Hotel, Balibhasa, 9434230957"
518,Jhargram,"Ignited Filling & Service Centre Pvt. Ltd., TATA Motors Authorized Service Centre for LCV, Old Jhargram, 721507, 8597174667"
519,Jhargram,"Khatua Filling Station, Baligeria, Kultikri, Sankrail, Jhargram, 9437038754"
520,Jhargram,"Garma Garam Dhaba, Gopiballavpur, 9002173771 / 9932541101"
521,Jhargram,"Bhandari Automobiles Pvt. Ltd., Maruti Authorized Service Centre, Raj Palace Road, Old Jhargram, 9933583519"
522,Jhargram,"Deb & Son's, Old Jhargram, Jhargram, 721507, 9800165510"
523,Jhargram,"New Ma Kali Hotel, Gojasimul, 9933925850"
524,Jhargram,"Gopal Pal Garage, Balibhasa, 9775501400"
525,Jhargram,"Ramavatar Brothers, Nutandihi, Jhargram, 721507, 9847719767"
526,Jhargram,"Kali Mistri (Tyre Repairing), Gojasimul, 8967736134"
527,Jhargram,"Purnima Filling Station, Kanimohuli, Silda, Jhargram, 9330095790"
528,Jhargram,"Chowdhury Garage, Binpur, 9734818011"
529,Jhargram,"Niharika Kishan Pariseva, Nayabasan, Gopiballavpur, Jhargram, 9679930779"
530,Jhargram,"Sk. Sakil Ali, Jamboni, 9002597479"
531,Jhargram,"Pramila Filling Station, Jamda, Jhargram, 721507, 9434691529"
532,Jhargram,"Ghosh Motor Repairing Centre, Gopiballavpur, 9932708391"
533,Jhargram,"Suraj Service Station, Balibhasa, Jhargram, 721513, 9434544167"
534,Paschim Burdwan,H.P Petroleum Pump (4 Point) Pother Sathi Service Station (Salanpur) Mob-9732153367
535,Paschim Burdwan,Maa Anjali Hotel (Sudli More)
536,Paschim Burdwan,Devi Maa Auto Service Centre (Siduli More) Mob-91537407
537,Paschim Burdwan,Balia Pancham Auto Services (Bharat Petroleum) Mob-7063435251
538,Paschim Burdwan,Arapandip Hotel (NH-2 Siduli More) Mob-9002266058
539,Paschim Burdwan,"Maruti Suzuki Service Station (4 Point L.K Motor) Mob-8436001827, 9091392314"
540,Paschim Burdwan,Westren Motor H.P Petrol Pump (Jubli More)
541,Paschim Burdwan,Hotel Pet Puja (Rampur)
542,Paschim Burdwan,M.J Movers (4 Point) Mob-91639519
543,Paschim Burdwan,Energy Fuel Station (Indian Oil) Mob-8001174742
544,Paschim Burdwan,Maa Annapurna Hotel (Rampur) Mob-9153822917
545,Paschim Burdwan,Shibnath Auto Services (Kalla More) Mob-9832206689
546,Paschim Burdwan,Damodar Auto (Ningha More) Mob-9475839993
547,Paschim Burdwan,Goldi Dhaba (Jubli More) Mob-8391071827
548,Paschim Burdwan,Sri Ram Motor (Asansol)
549,Paschim Burdwan,Probet Patrol Pump (Punjabi More) Mob-9434008328
550,Paschim Burdwan,Laxmi Dhaba (Baki Danga) Mob-9382577538
551,Paschim Burdwan,"Moti Auto Repairing Shop, Faridpur, Durgapur Mob-9647631096"
552,Paschim Burdwan,Jublee Petrol Pump (Jublee More) Mob-7781882128
553,Paschim Burdwan,Roti Dhaba (Baki Danga)
554,Paschim Burdwan,"Nasim Auto Repairing Shop, Faridpur, Durgapur Mob-9593664510"
555,Paschim Burdwan,Pathsaria Petrol Pump (NH-2 Satgram) Mob-9832210523
556,Paschim Burdwan,Shibam Hotel (Baki Danga)
557,Paschim Burdwan,"Munna Auto Repairing Centre, Kajora More, Andal Mob-9563786746"
558,Paschim Burdwan,"M.T Automobile Pump, Gandhi More, Durgapur (0343-2545411)"
559,Paschim Burdwan,Jalwal Dhaba (Baki Danga) Mob-9547730604
560,Paschim Burdwan,"Friends Automart, NH-1 More, G.T Road, Muchipara, Durgapur Mob-8617367491"
561,Paschim Burdwan,"Saikat Automobile Pump, Near Andal Airport, Gopalmath Mob-9434750244"
562,Paschim Burdwan,Hotel Utsav Inn (NH-2 DVC More) Mob-9434389317
563,Paschim Burdwan,"Harekrishna Petrol Pump, I.O.C Andal Mob-8250359576"
564,Paschim Burdwan,Palwan Hotel (J K Nagar) Mob-9547842235
565,Paschim Burdwan,"Raja Petrol Pump, Gandhi More, Durgapur Mob-9434238057"
566,Paschim Burdwan,"Mistru Restaurant, Gopalmath, Durgapur Mob-8373078229"
567,Paschim Burdwan,"Sree Hari Petrol Pump, Indo American More, Durgapur Mob-9382232190"
568,Paschim Burdwan,"Maa Laxmi Yadav Hotel, Kajora More, Andal Mob-9332329311, 8514019231"
569,Paschim Burdwan,"Gorai Fuel Centre, Banskopa More near Toll Plaza Mob-6294288165"
570,Paschim Burdwan,"Sonu Pahari (Dadu) Hotel, ABL More, Durgapur Mob-8637508934"
571,Paschim Burdwan,"M.T Automobile Pump, Coke Oven, Gandhi More, Durgapur (0343-2545411)"
572,Paschim Burdwan,Samthol Bishnoi Hotel
573,Paschim Burdwan,"Saikat Automobile Pump (HP), Near Andal Airport, Gopalmath Mob-9434750244"
574,Paschim Burdwan,"Rajasthan Hotel, Rajbandh, Durgapur Mob-6394197264"
575,Paschim Burdwan,"Harekrishna Petrol Pump (IOC), Andal Mob-8250359576"
576,Paschim Burdwan,"K.K Punjabi Dhaba, Kotu More, Panagarh Mob-9002714200"
577,Paschim Burdwan,"Sree Hari Pump, Indo American More Mob-9382232190"
578,Paschim Burdwan,Mistra Restaurant Mob-8373078229
579,Paschim Burdwan,"Tyre Repairing Shop, Gandhi More Mob-8609292249"
580,Paschim Burdwan,"Gorai Fuel Centre near Toll Tax, Banskopa Mob-6294288165"
581,Paschim Burdwan,"Maa Laxmi Yadav Hotel, Kajora Mob-9332329311, 8514019231"
582,Paschim Burdwan,"Nasim Auto Repairing, Faridpur Mob-9593664510"
583,Paschim Burdwan,"R.K Pump, Darjeeling More Mob-8609811038"
584,Paschim Burdwan,"Sonu Pahari Hotel, Indo American More Mob-8637508934"
585,Paschim Burdwan,"Moti Auto Repairing, Faridpur Mob-9647631096"
586,Paschim Burdwan,"Raja Petrol Pump, Gandhi More Mob-9434238057"
587,Paschim Burdwan,Samthal Bishnoi Hotel (Rajasthan Hotel) Rajbandh Mob-6394197264
588,Paschim Burdwan,"Tanu Automobiles, Faridpur Mob-9434132702"
589,Paschim Burdwan,"AMPM Pump, Domra near 4th Mile Mob-9434010551"
590,Paschim Burdwan,"K.K Punjabi Dhaba, Kotu More (Panagarh) Mob-9002714200"
591,Paschim Burdwan,"Munna Auto Repairing, Kajora Mob-9563786746"
592,Paschim Burdwan,"Balaji Pump, Domra near 4th Mile Mob-7903637030"
593,Paschim Burdwan,"Ghosh Dhaba, Trilokchandrapur near Guha Service Station (Indian Oil Pump) Mob-9933421104"
594,Paschim Burdwan,"Guha Pump, Trilokchandrapur Mob-9433201363"
595,Paschim Burdwan,"Raja Dhaba, Piyariganj, Panagarh Morgram Highway Mob-8348369832"
596,Paschim Burdwan,"Sundaram Dhaba, Dangal Panagarh State Highway Mob-7718287487"
597,Paschim Burdwan,"Hotel Paramita, Dangal Basudha Panagarh State Highway"
598,Darjeeling,"Maheswari Auto Service, Lebong Cart Rd, 2253239"
599,Darjeeling,"Kurseong Tourist Lodge, 03542345608"
600,Darjeeling,"Rangeet Auto Service, HC Rd, 9832068361"
601,Darjeeling,"Ganeshilal & Sons, Lochnagar Rd, 9932039582"
602,Darjeeling,"Santa Banta Dhaba, Batasia Loop, West Point, 9593300477"
603,Darjeeling,"Beekay Auto Service, HC Rd, 03532777263"
604,Darjeeling,"Sailung Auto Service, 13/A Hill Cart Rd, Batasia, Ghum, 9832041130"
605,Darjeeling,"Shimla Restaurant, Goenka Rd, 9233827030"
606,Darjeeling,"RN Agarwal & Sons, HC Rd, Dali, 9434048886"
607,Darjeeling,"Glenarys Restaurant, Nehru Rd, 9234517819"
608,Darjeeling,"NC Prem Kumar & Sons, 799 HC Rd, 9434060183"
609,Darjeeling,"Goenka Petrol Pump, Goenka Rd, 9593979992"
610,Darjeeling,"Plain View Auto Service, HC Rd, Kurseong, 9832338137"
611,Darjeeling,"Shaktidevi Enterprise, Pulbazar, Bijanbari, 983254497"
612,Darjeeling,"Mahalui Auto Service, Mirik, 9641428664"
613,Darjeeling,"Hill View Auto Service, HC Rd, Sonada, 9434048886"
614,Darjeeling,"COCO Matigara (Indian Oil), 03532571591"
615,Darjeeling,"Jaiswal Line Hotel, Matigara, 8250215138"
616,Darjeeling,"Akram Automobiles, Matigara, 7908432425"
617,Darjeeling,"Aradhya Service Station (Bharat Petroleum), Matigara, 8918123225"
618,Darjeeling,"Nitai Hotel & Restaurant, Goshpukur"
619,Darjeeling,"Gupta Motors, Khaprail, 9832479215"
620,Darjeeling,"Fuel Center (Indian Oil), Matigara, 7432079019 / 9434889827"
621,Darjeeling,"Gourango Shil, Goshpukur Main Road, Moilani Jote, 8945972827"
622,Darjeeling,"Mandal Garage, Matigara, 9832536574"
623,Darjeeling,"Pioneer Auto Service (Indian Oil), Upper Bagdogra, 7699004044"
624,Darjeeling,"Modak Hotel, Goshpukur Main Road, 9434377569"
625,Darjeeling,"Swapan & Sagar Garage, Naxalbari, 7031369061"
626,Darjeeling,"Bagdogra Auto Supply, Upper Bagdogra, 7001155219"
627,Darjeeling,"Babu Hotel, Goshpukur Main Road, 9775819592"
628,Darjeeling,"Birbal Garage, Bidhan Nagar, 9002893264"
629,Darjeeling,"Naxalbari Service Station (24x7), Naxalbari, 03532488130"
630,Darjeeling,"Jagadamba Line Hotel, Goshpukur Main Road"
631,Darjeeling,"Maa Kali Garage, Bidhan Nagar, 8250312981"
632,Darjeeling,"Ma Durga Fuel Service, Goshpukur, 9932003163"
633,Darjeeling,"Ekka Hotel, Goshpukur Main Road, 9932214281"
634,Darjeeling,"Amar Garage, Eastern Bypass Dabgram, Sahudangi, 9434222584"
635,Darjeeling,"Maa Parbati Fuels, Goshpukur Main Road, 9002582488"
636,Darjeeling,"Guruji Dhaba, Goshpukur Main Road (Near Toll), 9851687699"
637,Darjeeling,"Sona Wheels Pvt Ltd, Sevoke Road, Near Vega Mall, 7067321611"
638,Darjeeling,"Bidhan's Petrol Pump, Bidhan Nagar, 9851502596"
639,Darjeeling,"825, Bidhan Nagar, 9800387889"
640,Darjeeling,"Sevoke Motors, Sevoke Road, 8929268615"
641,Darjeeling,"Kamal Enterprise (Reliance), Bidhan Nagar, 99711877791 / 9832055678"
642,Darjeeling,"Baldev Hotel, Bidhan Nagar, 9064572053"
643,Darjeeling,"Beekay Auto, Matigara, 8929268011"
644,Darjeeling,"Pine Farm Service Station, Bidhan Nagar, 9434046997"
645,Darjeeling,"Sri Ramkrishna Line Hotel, Fulbari, 9933878705"
646,Darjeeling,"OSL Automotive Pvt Ltd, Sevoke Road, 9800003400"
647,Darjeeling,"Prakash Service Station, Bidhan Nagar, 9233423515"
648,Darjeeling,"Khokon Motor Works Pvt Ltd, Matigara, 7407245959 / 7407091500"
649,Darjeeling,"Bidhan Service Station, Jagannathpur Bidhan Nagar, 8942818943"
650,Darjeeling,"Allied Autowheels Siliguri Pvt Ltd, 2nd Mile Sevoke Road, 7797488831"
651,Darjeeling,"Fillco Pump, Bidhan Nagar, 9434874970"
652,Darjeeling,"Topsel Toyota, Matigara, 03532571107"
653,Darjeeling,"Siddhi Vinayak, Bidhan Nagar, 9932923924"
654,Darjeeling,"Lexican Motors, Matigara, 9830802612"
655,Darjeeling,"Ram Fueling, Eastern Bypass Dabgram, Sahudangi, 9434222584"
656,Darjeeling,"Koushal Hyundai, Matigara, 8170081708"
657,Darjeeling,"Roy Kisan Seva Kendra, Eastern Bypass Dabgram, 9679278556"
658,Darjeeling,"Berlia Hyundai, Sevoke Road, 9093021000"
659,Darjeeling,"Siliguri Service Center (BP), Tinbatti More, 9434057991"
660,Darjeeling,"Shree Force, Darjeeling More (Near Siliguri Gate), 9593941333"
661,Darjeeling,"More Service Center (HP), Tinbatti More, 9434021122"
662,Darjeeling,"Topsel Trucking, Fulbari, 9735913205"
663,Darjeeling,"Kawakhali Fuel Center, Near Medical College, 9434839042"
664,Darjeeling,"Gateway Ford Pvt Ltd, Gosaipur, 03536552686"
665,Darjeeling,"M/S Swastik Fuel, Ranidanga, 9007206519"
666,Darjeeling,"Impression Honda, 3rd Mile Sevoke Road, 8657588904"
667,Darjeeling,"Phasidewa Filling Station (Essar Oil), Phasidewa, 9800644997"
668,Darjeeling,"Tirupati Service Station, Gosaipur (Near Ford Showroom), 03532551652"
669,Darjeeling,"Terai Fuels, Medical More, Kadamtala, 9434049406"
670,Darjeeling,"Ganapati Square Fuel Center, Khaprail More, Patharghata, 9733078399"
671,Darjeeling,"Hill View Fuels, Sukna, 943401513"
672,Darjeeling,"Free Kick Venture Pvt Ltd, Champasari, 9681054799"
673,Darjeeling,"Sarda Auto Care, Mallaguri, 9800258888"
674,Darjeeling,"Joy Service Station, 3 Mile Sevoke Road, 9832095981 / 9064885477"
675,Darjeeling,"Sona Petrol Pump, Salugara, 03532590841 / 9474390332"
676,Darjeeling,"Sagar Service Station, Near PCM Bus Stand, 9434308057 / 03532542664"
677,Darjeeling,"Five Star Service Station, Hill Cart Road, 9434047942"
678,Darjeeling,"Fulbari Petrol Pump, Fulbari, 9832300906"
679,S24,Reliance Pump at Khariberia
680,S24,DEBUR HOTEL Sultanpur Diamond Harbour Ph 9933002030
681,S24,BHANDARY WORKSHOP Sultanpur Diamond Harbour Ph 9073384910
682,S24,Reliance Pump at Razarhat
683,S24,LOKNATH HINDU HOTEL New Madhabpur Nagendrabazar Diamond Harbour Ph 9434026064 / 9563957817
684,S24,Hira Auto Centre Lalpool Diamond Harbour Ph 9434566357
685,S24,HP Pump at USTHI
686,S24,GHARANA HOTEL Down Town Diamond Harbour Ph 8972191516
687,S24,Jharna Tyre and Service 76 Bus Stand Diamond Harbour Ph 9474155820
688,S24,HP Pump at Dostipur
689,S24,Mahamaya Hotel & Restaurant near bus stand Kakdwip West Bengal 743347 Ph 9043950288
690,S24,Bimala Engineering Workshop Machine workshop Kakdwip West Bengal
691,S24,HP Pump at DH(BATA)
692,S24,Hotel Shivam Food Court Kakdwip West Bengal 743347 Ph 9126369426
693,S24,Radhagovinda Engineering Workshop Kakdwip West Bengal
694,S24,HP Pump at Kulpi
695,S24,Hotel Boishaki Bus Stand Kakdwip SD 19 743347 Ph 9932683344
696,S24,HABIB SERVICE CENTRE Castrol Bikepoint Kakdweep Rath Tola Samsan Ghat Kakdwip West Bengal 743347 Ph 09932634092
697,S24,HP Pump at Natuna Rasta
698,S24,Shah Honda Ashirvad Rathtala Kakdwip 24 Parganas South West Bengal 743347 Ph 07872854046
699,S24,Reliance pump at Lot 8
700,S24,Bipul Garage Kamalganj South 24 Parganas 700103 Ph 9830413750
701,S24,HP Pump at Kakdeep (Near SBI)
702,S24,Milan/Subhas Khasmallick Baruipur South 24 Parganas Ph 8981430655 / 7003555217
703,S24,HP/IOC/Reliance at Namkhana
704,S24,Manna Workshop TATA Prop Dhiman Manna Baruipur South 24 Parganas Ph 8584068296 / 7595055704
705,S24,HP Pump at Kachuberia Ashrammore
706,S24,Pailan Body Builders Pailan South 24 Parganas Ph 9748104438
707,S24,Petrol Pump near Rundranagar BDO
708,S24,IOC Pump at Kalinagar
709,S24,M/S Bishnu Oil 147 Diamond Harbour Rd Diamond Harbour Ph 9748409182 / 9749756227
710,S24,Bata Pump Diamond Harbour Ph 8159948117
711,S24,HP Pump Roychak Diamond Harbour Ph 9433209314
712,S24,HP Pump Gangaramur Bishnupur Diamond Harbour Ph 9830116364
713,S24,HP Petrol Pump Kakdwip West Bengal Ph 09732545854
714,S24,GHOSH SERVICE CENTER Indian Oil Kakdwip West Bengal Ph 09531581967
715,S24,Swami Vivekananda Grampanchayet Petrol Pump Kakdwip West Bengal
716,S24,PFT MOBILE POINTE Petrol Pump Kakdwip West Bengal
717,S24,Sumon Petrol Pump Akshyanagar West Bengal
718,S24,KAKDWIP OIL CENTRE (IOC) Petrol Pump Kakdwip West Bengal
719,S24,Reliance Pump Kalinagar West Bengal
720,S24,JASH SERVICE STATION Akshyanagar West Bengal
721,S24,Indian Oil Gas Station Petrol Pump Kasinagar West Bengal
722,S24,HP Petrol Pump Kolkata West Bengal Ph 09339905600
723,S24,Baruipur Oil Station Ukilpara Rd Railgate Baruipur Ph 789082733
724,S24,Saha Pump Near 218 Bus Stand Baruipur South 24 Parganas Ph 9903000124
725,S24,Sundarban Service Station Canning South 24 Parganas Ph 9434500527
726,S24,Bharat Petrol Pump Canning Basanti Rd Kathalberia South 24 Parganas 743329 Ph 9732520105
727,S24,Tridev Service Station Pailan South 24 Parganas Ph 8240388651 / 9433014831
728,S24,K C Paul Service Station Budge Budge South 24 Parganas Ph 9681244927
729,S24,Auto Car Service Station Budge Budge South 24 Parganas Ph 9831849070 / 9874141746
730,S24,Budge Budge Service Station Budge Budge South 24 Parganas Ph 9143297448
731,S24,Radha Rani Petrol Pump Budge Budge South 24 Parganas Ph 9674136792
732,S24,Om Auto Petrol Pump Budge Budge South 24 Parganas Ph 8336927945
733,S24,P M Enterprise Budge Budge South 24 Parganas Ph 9051095159
734,S24,Suparna Filling Station Maheshtala South 24 Parganas Ph 9433034907
735,S24,Tarun Service Station Amtala South 24 Parganas Ph 9830292308
736,S24,Rintu Service Station Amtala South 24 Parganas Ph 9437126613
737,S24,Sampark Pump Amtala South 24 Parganas Ph 9330330530
738,S24,Khariberia Reliance Pump Khariberia Amtala South 24 Parganas Ph 9525403235
739,S24,Rahul Service Station Khariberia Amtala South 24 Parganas Ph 9748465651
740,Jalpaiguri,"Fulbari Petrol Pump, Fulbari, 9832300906"
741,Jalpaiguri,"Jwala Hotel, Telipara"
742,Jalpaiguri,"Nanu Garage, LRP More"
743,Jalpaiguri,"Roy & Cousin, NH17 Near Mal Fire Station, 03562255074"
744,Jalpaiguri,"Taleb Hotel, Vemtia"
745,Jalpaiguri,"Subanna Garage, Dhupguri"
746,Jalpaiguri,"Jalpaiguri Service Station, Patkata, 9733022000"
747,Jalpaiguri,"Pankha Hotel, Jhajangi"
748,Jalpaiguri,"Sankar Garage, Jhajangi"
749,Jalpaiguri,"Sarkar Service, DVC Rd, 9434004911"
750,Jalpaiguri,"BBS Dhaba, Gosala More"
751,Jalpaiguri,"Champu Garage, Balapara"
752,Jalpaiguri,"Jay Maa Di Service, Jalpaiguri Highway, 9817600492"
753,Jalpaiguri,"Kallan Dhaba, Sariam"
754,Jalpaiguri,"Sarkar Automobile, Kortowa"
755,Jalpaiguri,"Nandi Automobiles, Haldibari More, 9475896024"
756,Jalpaiguri,"Lama Hotel, Oldabari"
757,Jalpaiguri,"Santosh Garage, near Army Camp"
758,Jalpaiguri,Pathasathi at Lataguri
759,Jalpaiguri,"Dulal Garage, Nagrakata High Rd"
760,Jalpaiguri,Pathasathi at Chalsa
761,Jalpaiguri,"Jalpaiguri Recovery Van Service, Jalpaiguri Highway, 9734962816"
762,Jalpaiguri,"Hotel Swagat, Line Hotel More"
763,Jalpaiguri,"Santos Garage, Maynaguri Bypass, 9434491474"
764,Jalpaiguri,"Kali Dhaba, Paharpur, 7001028658"
765,Jalpaiguri,"Soho Hotel, Maynaguri Bypass"
766,Jalpaiguri,"Sainik Dhaba, Dhupguri, 9735956920"
767,Jalpaiguri,"Highway Dhaba, Dhupguri"
768,Paschim Medinipur,Nundy Brothers Chandrakona Rd 9635608944
769,Paschim Medinipur,Sikandar Singh NH6 9002521919
770,Paschim Medinipur,Bhandari Auto Kharagpur NH6 9800041944
771,Paschim Medinipur,Ideal Filling Station Battala Chok 0322265783
772,Paschim Medinipur,Sukhinder Singh 9434320191
773,Paschim Medinipur,Paraj Motors 7479044766
774,Paschim Medinipur,Ayantika Oil Daspur 9434243372
775,Paschim Medinipur,Bhandari Auto Kharagpur NH6 9732549889
776,Paschim Medinipur,Indra Automobile Indra Kharagpur 03222225743
777,Paschim Medinipur,Madan Body Garage NH6 9932049503
778,Paschim Medinipur,Swadeshi Highway Centre Jakpur 9604919873
779,Paschim Medinipur,Ghanna Body Garage NH6 9332973434
780,Paschim Medinipur,Mahamaya Fuel Station Bhadutala 9474027816
781,Paschim Medinipur,Ashoka Service Station Salboni 03227285221
782,Paschim Medinipur,Parul Service Station Hosnabad 9932741736
783,Paschim Medinipur,Deshbandhu Service Station Indra Kharagpur 03222225632
784,Paschim Medinipur,Belda Filling Station 9434105020
785,Paschim Medinipur,National Highway Filling Station 9434320094
786,Purba Medinipur,Shree Krishna Filling Station NH116B Thakurnagar 9730957081
787,Purba Medinipur,Punaji Dhaba Babalichak 8967792958
788,Purba Medinipur,Biswakarma Auto Care Balisai Tamralip Cont 9002768000
789,Purba Medinipur,Kalinga Auto Service Station NH116B Kolaghat 9434008113
790,Purba Medinipur,Hotel Highway Kasupara NH41 9933808864
791,Purba Medinipur,Mahindra Star India Agencies Haldiya Purba Medinipur 9731253008
792,Purba Medinipur,Hera Fuel NH116B Durgapur 9472006735
793,Purba Medinipur,Jony Hotel Near Nandakumar 8583961409
794,Purba Medinipur,Prerna Motors Mahalia Tamralip Cont 9436563222
795,Purba Medinipur,Bhagwati Machine SKUS Fuel Pump NH116B Contai Bypass 9327629657
796,Purba Medinipur,Sundry Restaurant Kasupara NH41 9732193097
797,Purba Medinipur,Amanat Auto Care NH6 Radharam Purba Medinipur 9002368907
798,Purba Medinipur,Contai Fuel NH116B Contai Bypass 9731505944
799,Purba Medinipur,Hotel Sunday Kasupara NH41 9738097765
800,Purba Medinipur,Satyam Auto Electric Barahaiya Kolaghat Purba Medinipur
801,Purba Medinipur,Contai Oil Station NH116B Contai Central Bus Stand 9932741736
802,Purba Medinipur,Royal Dhaba Babalichak 9732506572
803,Purba Medinipur,Ramananda Body Garage Mahalia Purba Medinipur
804,Purba Medinipur,MS Debu Petrol Pump NH116B Contai 9432139785
805,Purba Medinipur,Shree Radha Hotel Near Nandakumar Contai 9153357990
806,Purba Medinipur,Manna Garage Kolaghat NH41 Purba Medinipur
807,Purba Medinipur,Prince Fuel Centre Digha Orissa Border 9733458000
808,Purba Medinipur,Express Food Plaza NH41 Kolaghat Purba Medinipur 7407744462
809,Purba Medinipur,Munir Rahaman Garage NH41 Ramnagar Tamralip Purba Medinipur 9002713455
810,Purba Medinipur,Civic House Nandakumar Contai 9434516500
811,Purba Medinipur,Driver Inn Restaurant NH41 Kolaghat Purba Medinipur 8370951071
812,Purba Medinipur,Maa Annapurna Automobile NH116B Nandakumar 9734386454
813,Purba Medinipur,Shri Bishnu Hotel & Restaurant NH41 Panisra Purba Medinipur
814,Purba Medinipur,New Tituman Hotel Contai Rupnarayan Bypass 8001754033
815,Purba Medinipur,Satyamayan Restaurant Panisra Purba Medinipur
816,Purba Medinipur,Sandhya Resort Contai Rupnarayan Bypass NH41
817,Purba Medinipur,SN Hotel Panisra Purba Medinipur 9931508609
818,Purba Medinipur,Manu Hotel Padmapukur Contai
819,Purba Medinipur,Sandipa Hotel NH41 Kolaghat Purba Medinipur 9802833511
820,Purba Medinipur,KEPS Restaurant Central Bus Stand Contai
821,Purba Medinipur,DPUR Hotel NH41 Tamralip Purba Medinipur 9733603642
822,Purba Medinipur,Nikita Restaurant Central Bus Stand Contai
823,Purba Medinipur,Sathi Hotel NH41 Purba Medinipur Contai 7047272777
824,Purba Medinipur,Haldia Traders Company NH41 Haldia Dock Purba Medinipur 9862477131
825,Purba Medinipur,Shree Bengal Restaurant NH41 Kolaghat Purba Medinipur 9002196937
826,Purba Medinipur,Indian Oil Petrol Pump Ramnagar Nandakumar Purba Medinipur 9434369085
827,Purba Medinipur,Star India NH41 Ramnagar Purba Medinipur 9153503099
828,Purba Medinipur,Maa Basantamma Filling Station Haldia Dock Purba Medinipur
829,Purba Medinipur,Hotel Royal Landmark NH41 Kolaghat Purba Medinipur 9987930426
830,Purba Medinipur,Satyamayan Service Station Kolaghat Purba Medinipur 0322825681
831,Purba Medinipur,Gitanjali Filling Station Nandakumar Dock Kolaghat Purba Medinipur 9474759297
832,Purba Medinipur,Bhowmik Krishi Seva Kendra Dhankhal Panchkura Tamralip Purba Medinipur 9083505858
833,Purba Medinipur,Tara Maa Fuel Station Mahisadal Haldia Road Purba Medinipur 9434386184
834,Purba Medinipur,Bharat Petroleum Petrol Pump Naupala Mecheda Tamralip Purba Medinipur 8672174121
835,Purba Medinipur,Emergency Fuel Station Ayapara Mecheda Purba Medinipur 8672134214
836,Purba Medinipur,Nandakumar IOC Petrol Pump Mahisadal Mecheda Purba Medinipur 9732427610
837,Purba Medinipur,Indian Oil Petrol Pump Near Mahisadal Tamralip Mecheda Purba Medinipur 7002157043
838,Purba Medinipur,Potara Filling Point Jagannathpur Mahisadal Purba Medinipur
839,Kalimpong,"Ratiram Banshilal Petrol Pump, 10th mile, Kalimpong, Ph-no 9832047800"
840,Kalimpong,"Hotel Priyanka, Gayel Kholan, NH-10, Kalimpong, Ph-no 8116592937"
841,Kalimpong,"Mani Garage, Rely road, Kalimpong, Ph-no 7679350707 (Tika ram)"
842,Kalimpong,"Tashi Service Station, 8th mile, Kalimpong, Ph-no 9434106749"
843,Kalimpong,"Hotel Maha Magg, Lohapul, NH-10, Kalimpong, Ph-no 9932343710"
844,Kalimpong,"Mukul Garage, Testa Bazar, NH-10, Kalimpong, Ph-no 9800487893"
845,Kalimpong,"Biswa Kiran Fuel Pump, 6th mile, Kalimpong, Ph-no 7029027467"
846,Kalimpong,"Hotel Rajendra Gurung, Tarkhola, NH-10, Kalimpong, Ph-no 7318723799"
847,Kalimpong,"Yogesh Fitter, 4th mile, Kalimpong, Ph-no 6294384586"
848,Kalimpong,"Suntali Fuel Pump, Lohapul, NH-10, Kalimpong, Ph-no 9933922837"
849,Kalimpong,"Shayog Dhaba, Garubathan, Kalimpong, Ph-no 7719267214"
850,Bankura,"M/S Santima Filling Station, Bhedua Mob-9475167241; M/S Jit Filling Station, Sankarhati Mob-9800111779; M/S Standard Automobiles, Gobinda Nagar Mob-9732012797; M/S Balabux Kanahaiyalal Petrol Pump, Bankura Mob-9434013665; Rambhagat Hariogopal Bima More Mob-9748666555; Rambhagat Rani Prasad, Machantala; Lalji Raja & Sons, Dhaldanga Mob-9732524442"
851,Bankura,"Joy Maa Kali Hindu Hotel, Belbani Chaurasta Bankura Mob-9732703370; Hindusthan Hotel & Restaurant, Pranbandhu, Bankura Mob-7860464950; Rajupr Hotel & Dhaba, Kadamaghati, Bankura; Ghosh Hotel, Makurgram Mob-9806700000; Shyama Hotel & Dhaba, Machantala; Hotel United & Family Restaurant, Kamala, Near Phaldanga"
852,Bankura,"Tyre Repairing Makurgram, Bankura 629407554"
853,Bankura,"Saltora Station, Saltora Mob-9800994144; Jyoti Filling Station, Saltora Mob-9434588655; Maa Shakti Fuel Station, Saltora Mob-9547862680"
854,Bankura,Krishna Pal Hindu Hotel Palbra Ph-7001777791; Kartik Hotel Saltora Ph-9732023474
855,Bankura,Loknathbaba Fuel Centre; Sevak Fuel Centre Mob-9933903262
856,Bankura,"Laxmishree Hotel, Kanchanpur, G. Ghat Bankura Road 743088650"
857,Bankura,"Hirrigar Service, Belatore Mob-9434016179; Bagari Service Station Raharboni Barjora Durgapur Road Mob-9733409114"
858,Bankura,Tripti Hotel Mob-9732289108 / 9434243396
859,Bankura,"Panagarh Engineering Works, Barjora Mob-8927447407"
860,Bankura,"Mataji Fuel Centre, Barabarkacha Mob-9474631999; M/S Durga Oil Filling Station Mob-03242-270012; Maa Basuli Service Station Ghoramuli Mob-9046967195"
861,Bankura,"Maa Tara Hindu Hotel, Bhedra More NH60 Mob-8509659630; Tara Maa Dhaba, Saluni petrol pump Bankura–Saltora road; Basudeb Hotel Barbra near Mataji Fuel centre Bankura–Chhatna Pitch"
862,Bankura,"Attach Garage with Hotel; Goutam Daria Garage Saluni petrol pump; Sahidul Ansary, Upardihi More near Kalampur petrol pump; Tyre garage Barabarkar near Mataji Fuel centre; Netaji Fuel center Bankura–Chhatna"
863,Bankura,"Mallibhum Service Centre, Khamarbera Mob-9434227056; Tanisha Filling Station Kaliseni Mob-9434000484"
864,Bankura,Pathil Bandhu Hotel Mob-8617033505 / 9434626341; Hotel Maa Chandi Bhadulsole Mob-8001207460; Hotel Himalaya & Restaurant Bhadulsole near Kaliseni
865,Bankura,Susanta Karmakar 9732873994
866,Bankura,Samaswati Auto Centre Meja Mob-9474671115; Maa Tara Fuel Centre Tewary danga Mob-943246448
867,Bankura,Swapan Kr Chowdhury 9732219531
868,Bankura,Nil
869,Bankura,Anjali Fueling Station Kankrasele Mob-9474188373; Sony Service Station Chhatna Mob-9732188709
870,Bankura,Souvik Hotel (03242-259932) Raipur
871,Bankura,Pintu Garage (8670875109) Raipur
872,Bankura,Madhuri Filling Station Uttar Kamalpur Indpur Mob-9475687243; Sunxprabha Filling Station Mob-7872775412
873,Bankura,Piya Hindu Hotel Ph-8170039335 Gobindpur; Dayamayi Hindu Hotel Gobindpur Ph-9970969651; Maa Khatyani Kali Hindu Hotel NH60 Chhagram Mob-8116462116
874,Bankura,Garage Bhola at Bangla Mob-9732056837; Gurupada Garage Mob-9800536768
875,Bankura,Mandal Fuel Station Sarenga Mob-9933700455; Maa Annapurna Filling Station Mob-9434028716
876,Bankura,Swapnil Hotel Bishnupur bypass 8759073995; Pintu Line Hotel Bakadoba 8436109223; Mahanta hotel on NH60 6295588483; Mansa Hotel on SH-02 875791663; Maa Tara Hotel on NH60 9564834265
877,Bankura,Gour Karmakar at Sonamukhi Bypass; Nandi garage at untabri bypass 977520894
878,Bankura,Simlapal Filling Station Mob-9474188928 / 9434586506
879,Bankura,Dudhapukur Maa Tara Hotel
880,Bankura,Mallik Engineering Bishnupur Bypass Mob-9434160301; Joydeb Karmakar Pranab Hazra (9800516770)
881,Bankura,Unique Fuel Shidbanga More Mob-9749495906; Utsab Filling Station Panchmura Mob-700124893; Maa Vaishno Devi Fuel Taldanga Mob-9967583204
882,Bankura,Mato Maa Hindu Hotel 9732191024
883,Bankura,Dharmaraj Auto Centre 9732120994
884,Bankura,Soren Filling Station Khatra Mob-9434526091; Aditya Filling Station Khatra Mob-9641900132; Rambhagat Hariprasad Khatra Mob-8697738928
885,Bankura,Tara Maa Hindu Hotel Shas More 629485205
886,Bankura,Majumder Auto Mobiles Netaji More 9474018824
887,Bankura,Nigamananda Automobile Mob-7407609669; Jalan Petrol Pump Bishnupur Mob-9434003058; Rita Filling Station Bishnupur Mob-9474189852; Maa Saradamoni Filling Station Bamunri More Mob-9434110605
888,Bankura,Raghu Paramanik Mob-9002997273 / 6294111281
889,Bankura,Pir Baba Garage Mob-9547833346
890,Bankura,M/S Sita Filling Station
891,Bankura,Damodar Filling Centre Kankradanga Mob-9475982911; Hamida Fueling Centre Dukibandha Mob-9434392005
892,Bankura,M/S Baba Loknath Service Station Mob-981596596
893,Bankura,Dwivedi Filling Station Gopalganj Mob-9732673423; Nirupama Filling Station Khundanga Mob-9434204251; Panchanan Filling Station Sarsdi Mob-9434509966
894,Bankura,Nil
895,Bankura,Sarita Filling Station Sonamukhi Mob-933208690; Gita Filling Station Ratap P.S Sonamukhi Mob-9064793733 / 9434362394
896,Uttar Dinajpur,"LOKNATH FUEL, ITAHAR, 9434052728"
897,Uttar Dinajpur,"HOTEL HINDUSTHAN, BANGER NATIONAL PARKING, ITAHAR"
898,Uttar Dinajpur,"MATIUR RAHAMAN (7001915829 / 9679706646), AMRITA MOTOR WORKS CENTRE"
899,Uttar Dinajpur,"M/S K.C. MITRA, RAIGANJ, 8250182799"
900,Uttar Dinajpur,"HOTEL GANDHER, RAIGANJ (NAGAR), 8945950010"
901,Uttar Dinajpur,"AMAR GARAGE, NEAR EMBASSY HOTEL RAIGANJ, 9933547394"
902,Uttar Dinajpur,"M/S MS FUEL PETROL PUMP, PATHNOR (DOMONA), 8759557286"
903,Uttar Dinajpur,"DILIP AUTOMOBILES, PATHNOR (DOMONA), 9800900560"
904,Uttar Dinajpur,"M/S PANISHAL PETROLIUM, BARODUARI NH-34, 8918761506"
905,Uttar Dinajpur,"M/S PANISHAL PETROLIUM, BARODUARI NH-34, 8918761506"
906,Uttar Dinajpur,"BANGALI DHABA, SRI KRISHNAPUR, ISLAMPUR, 8250861363"
907,Uttar Dinajpur,"SIHOTIA SERVICE STATION, ISLAMPUR, 3526255058"
908,Uttar Dinajpur,"BIHARI DHABA, ALIGANJ ISLAMPUR, 7602627680"
909,Uttar Dinajpur,"MAA BASANTI SERVICE CENTRE, ISLAMPUR, 9434055098 / 9434045901"
910,Uttar Dinajpur,"DINESH HOTEL, DHANTOLA, ISLAMPUR, 8972029245"
911,Uttar Dinajpur,"BABA RAMDEV, ALIGANJ, ISLAMPUR, 9832430434"
912,Uttar Dinajpur,"MAHDI HOTEL, KALIBARI, PANJIPARA, 9002540963"
913,Uttar Dinajpur,"MAA DURGA PUMP, DHANTOLA, ISLAMPUR, 8759404573"
914,Uttar Dinajpur,"RAM SINGH DHABA, KALIBARI, PANJIPARA, 9932677536"
915,Uttar Dinajpur,"MADHU HOTEL, COLLEGE MORE, ISLAMPUR, 9933668802"
